,Unnamed: 0,ds,symbol,close,volume,volume_cng,price_cng,avg_gain,avg_loss,RSI,column_name,EMA9,EMA12,EMA26,EMA50
0,6619476,2021-10-14,IHS,17.0,10701961.0,0.0,0.0,0.0,-0.0,,17.080000000000002,17.037777777777777,16.935833333333335,16.47846153846154,15.120999999999999
1,8346500,2021-10-15,IHS,16.69,3219523.0,-0.6991651343151035,-0.018235294117646985,0.0,0.3099999999999987,,17.080000000000002,17.037777777777777,16.935833333333335,16.47846153846154,15.120999999999999
2,8666294,2021-10-18,IHS,17.43,1582741.0,-0.5083927028941865,0.04433792690233663,0.7399999999999984,0.0,,17.080000000000002,17.037777777777777,16.935833333333335,16.47846153846154,15.120999999999999
3,9981861,2021-10-19,IHS,17.0,779640.0,-0.5074115095268272,-0.02467010900745839,0.0,0.4299999999999997,,17.080000000000002,17.037777777777777,16.935833333333335,16.47846153846154,15.120999999999999
4,9513741,2021-10-20,IHS,17.19,412793.0,-0.4705338361294957,0.01117647058823537,0.19000000000000128,0.0,,17.080000000000002,17.037777777777777,16.935833333333335,16.47846153846154,15.120999999999999
5,3496456,2021-10-21,IHS,17.08,267254.0,-0.352571385658187,-0.00639906922629453,0.0,0.11000000000000298,,17.080000000000002,17.037777777777777,16.935833333333335,16.47846153846154,15.120999999999999
6,3198806,2021-10-22,IHS,17.17,291512.0,0.0907675843953692,0.005269320843091535,0.09000000000000341,0.0,,17.080000000000002,17.037777777777777,16.935833333333335,16.47846153846154,15.120999999999999
7,3198809,2021-10-25,IHS,17.03,404969.0,0.3892018167348171,-0.008153756552125833,0.0,0.14000000000000057,,17.067500000000003,17.037777777777777,16.935833333333335,16.47846153846154,15.120999999999999
8,9407750,2021-10-26,IHS,16.75,552743.0,0.3649020048448153,-0.016441573693482155,0.0,0.28000000000000114,,16.988125000000004,17.037777777777777,16.935833333333335,16.47846153846154,15.120999999999999
9,3865140,2021-10-27,IHS,16.55,451211.0,-0.1836875365223983,-0.011940298507462643,0.0,0.1999999999999993,,16.878593750000004,16.940222222222225,16.935833333333335,16.47846153846154,15.120999999999999
10,4851730,2021-10-28,IHS,16.52,225032.0,-0.5012710239776956,-0.0018126888217523344,0.0,0.030000000000001137,,16.7889453125,16.85617777777778,16.935833333333335,16.47846153846154,15.120999999999999
11,7064685,2021-10-29,IHS,16.82,95522.0,-0.5755181485299868,0.01815980629539956,0.3000000000000007,0.0,,16.796708984375,16.848942222222224,16.935833333333335,16.47846153846154,15.120999999999999
12,3472563,2021-11-01,IHS,16.66,195468.0,1.0463139381503737,-0.009512485136741982,0.0,0.16000000000000014,,16.76253173828125,16.81115377777778,16.893397435897437,16.47846153846154,15.120999999999999
13,10313087,2021-11-02,IHS,16.4,180365.0,-0.07726584402562056,-0.015606242496998893,0.0,0.26000000000000156,,16.67189880371094,16.728923022222226,16.817490138067065,16.47846153846154,15.120999999999999
14,4884378,2021-11-03,IHS,16.43,310862.0,0.7235162032545117,0.0018292682926829963,0.030000000000001137,0.0,,16.611424102783204,16.66913841777778,16.75787627067213,16.47846153846154,15.120999999999999
15,6290514,2021-11-04,IHS,16.36,98381.0,-0.683521948646023,-0.004260499087035927,0.0,0.07000000000000028,44.55445544554455,16.548568077087403,16.607310734222224,16.696664536722572,16.47846153846154,15.120999999999999
16,4147071,2021-11-05,IHS,16.32,217772.0,1.21355749585794,-0.0024449877750610726,0.0,0.03999999999999915,26.18025751072976,16.491426057815552,16.54984858737778,16.63871614645756,16.47846153846154,15.120999999999999
17,1324385,2021-11-08,IHS,16.3,539877.0,1.4790928126664584,-0.0012254901960784053,0.0,0.019999999999999574,31.77083333333347,16.443569543361665,16.499878869902226,16.586605970079475,16.47846153846154,15.120999999999999
18,5389420,2021-11-09,IHS,16.45,298201.0,-0.4476501128960856,0.009202453987729974,0.14999999999999858,0.0,30.319148936170265,16.44517715752125,16.489903095921782,16.565589666990327,16.47846153846154,15.120999999999999
19,2335431,2021-11-10,IHS,15.5,550023.0,0.8444706758193299,-0.05775075987841941,0.0,0.9499999999999993,20.955882352941273,16.20888286814094,16.291922476737426,16.40165279514566,16.47846153846154,15.120999999999999
20,4479004,2021-11-11,IHS,15.91,552083.0,0.0037452979239050005,0.026451612903225816,0.41000000000000014,0.0,29.27631578947367,16.134162151105706,16.215537981389943,16.32601390358479,16.47846153846154,15.120999999999999
21,4145544,2021-11-12,IHS,16.16,184465.0,-0.6658745152449903,0.01571338780641106,0.25,0.0,36.19047619047618,16.14062161332928,16.204430385111955,16.300473303033286,16.47846153846154,15.120999999999999
22,3829034,2021-11-15,IHS,15.68,363056.0,0.9681565608652047,-0.02970297029702973,0.0,0.4800000000000004,34.02985074626865,16.02546620999696,16.099544308089566,16.205015871797393,16.47846153846154,15.120999999999999
23,6370262,2021-11-16,IHS,15.75,498658.0,0.3735016085672734,0.004464285714285732,0.07000000000000028,0.0,37.577639751552795,15.95659965749772,16.02963544647165,16.135013429982408,16.47846153846154,15.120999999999999
24,8331205,2021-11-17,IHS,15.68,231767.0,-0.5352185265251936,-0.004444444444444463,0.0,0.07000000000000028,37.11656441717792,15.88744974312329,15.959708357177323,16.065011363831267,16.47846153846154,15.120999999999999
25,12234211,2021-11-18,IHS,15.61,209087.0,-0.09785689938602131,-0.004464285714285732,0.0,0.07000000000000028,30.033003300330023,15.818087307342466,15.88976668574186,15.995009615549533,16.47846153846154,15.120999999999999
26,2483807,2021-11-19,IHS,15.01,333081.0,0.5930258696140841,-0.03843689942344649,0.0,0.5999999999999996,26.22478386167147,15.61606548050685,15.713813348593488,15.843469674695758,16.369686609686614,15.120999999999999
27,11062407,2021-11-22,IHS,14.91,184765.0,-0.4452850808061703,-0.006662225183211169,0.0,0.09999999999999964,27.49244712990938,15.439549110380138,15.55305067887479,15.699858955511795,16.261561675635754,15.120999999999999
28,11838447,2021-11-23,IHS,15.54,388643.0,1.1034449165155737,0.04225352112676049,0.629999999999999,0.0,38.61892583120203,15.464661832785103,15.550440543099834,15.675265270048442,16.208112662625698,15.120999999999999
29,1276853,2021-11-24,IHS,14.93,318826.0,-0.17964301428303095,-0.03925353925353922,0.0,0.6099999999999994,33.9325842696629,15.330996374588826,15.426352434479869,15.560609074656375,16.11343765057935,15.120999999999999
30,3551821,2021-11-26,IHS,14.42,232208.0,-0.2716779685471072,-0.034159410582719346,0.0,0.5099999999999998,30.69105691056909,15.10324728094162,15.225081947583895,15.385130755478471,15.98799782461051,15.120999999999999
31,5852390,2021-11-29,IHS,14.04,433373.0,0.8663138220905395,-0.026352288488210873,0.0,0.3800000000000008,28.59848484848483,14.837435460706216,14.988065558067117,15.178187562327937,15.843701689454175,15.120999999999999
32,4605688,2021-11-30,IHS,13.49,506935.0,0.16974292353238435,-0.0391737891737891,0.0,0.5499999999999989,23.94366197183099,14.500576595529662,14.688452446453695,14.91846639889287,15.669353416161274,15.120999999999999
33,10911707,2021-12-01,IHS,13.31,471050.0,-0.07078816810833737,-0.013343217197924367,0.0,0.17999999999999972,27.698574338085535,14.202932446647246,14.412761957162958,14.671010029832427,15.494586496445624,15.120999999999999
34,3949450,2021-12-02,IHS,13.43,309913.0,-0.34208045855004776,0.009015777610818874,0.11999999999999922,0.0,23.16017316017313,14.009699334985434,14.216209565730367,14.480085409858207,15.341654163375578,15.120999999999999
35,1028906,2021-12-03,IHS,13.14,434705.0,0.402667845492122,-0.021593447505584448,0.0,0.28999999999999915,17.59656652360512,13.792274501239076,14.000967652584293,14.273918423726176,15.1785686697922,15.120999999999999
36,7311936,2021-12-06,IHS,13.42,213165.0,-0.5096329694850531,0.021308980213089752,0.27999999999999936,0.0,24.66367713004483,13.699205875929307,13.884774122067437,14.142546358537533,15.048304323881668,15.120999999999999
37,1466940,2021-12-07,IHS,13.46,432954.0,1.031074519738231,0.0029806259314456725,0.040000000000000924,0.0,24.15349887133182,13.63940440694698,13.79981929765395,14.037539226454836,14.930652151742285,15.120999999999999
38,8221947,2021-12-08,IHS,13.4,287191.0,-0.33667087034650334,-0.004457652303120394,0.0,0.0600000000000005,24.20814479638007,13.579553305210235,13.719855438123162,13.939456268538708,14.817270510872486,15.120999999999999
39,4878467,2021-12-09,IHS,13.13,161644.0,-0.4371550640514501,-0.020149253731343252,0.0,0.2699999999999996,23.160173160173144,13.467164978907677,13.60188435049853,13.814924534917367,14.692287510067116,15.120999999999999
40,11486162,2021-12-10,IHS,12.98,173764.0,0.07497958476652397,-0.011424219345011451,0.0,0.15000000000000036,25.659472422062336,13.345373734180757,13.477507480398824,13.68647460646854,14.565451398210293,15.120999999999999
41,3794729,2021-12-13,IHS,12.98,267185.0,0.5376315001956676,0.0,0.0,-0.0,26.289926289926285,13.25403030063557,13.37800598431906,13.57778620547338,14.448010553898419,15.120999999999999
42,8637397,2021-12-14,IHS,12.8,247376.0,-0.074139641072665,-0.013867488443759608,0.0,0.17999999999999972,12.154696132596683,13.140522725476679,13.26240478745525,13.458126789246707,14.32593569805409,15.120999999999999
43,3489987,2021-12-15,IHS,12.9,314963.0,0.27321567169005884,0.007812499999999972,0.09999999999999964,0.0,17.36334405144693,13.080392044107509,13.1899238299642,13.372261129362599,14.220310831531565,15.120999999999999
44,2584611,2021-12-16,IHS,13.02,220607.0,-0.2995780456752063,0.009302325581395288,0.11999999999999922,0.0,24.264705882352914,13.06529403308063,13.15593906397136,13.31806710946066,14.131398918084782,15.120999999999999
45,4850122,2021-12-17,IHS,12.93,1428350.0,5.474635890973541,-0.006912442396313353,0.0,0.08999999999999986,27.160493827160465,13.031470524810471,13.110751251177089,13.258364477235943,14.042406405634058,15.120999999999999
46,6487964,2021-12-20,IHS,12.86,249190.0,-0.8255399586935975,-0.005413766434648127,0.0,0.07000000000000028,33.84615384615381,12.988602893607853,13.06060100094167,13.197077634584259,13.954820745957461,15.120999999999999
47,12160610,2021-12-21,IHS,13.14,131947.0,-0.4704964083630964,0.02177293934681191,0.28000000000000114,0.0,45.853658536585364,13.02645217020589,13.076480800753338,13.188296460032834,13.894463653664316,15.120999999999999
48,9901138,2021-12-22,IHS,14.05,268031.0,1.0313534979954073,0.06925418569254187,0.9100000000000001,0.0,60.9154929577465,13.282339127654417,13.271184640602671,13.3208662354124,13.905984864503996,15.120999999999999
49,3909972,2021-12-23,IHS,14.32,222065.0,-0.1714950882547168,0.019217081850533776,0.2699999999999996,0.0,70.92198581560282,13.541754345740813,13.480947712482138,13.47457912227203,13.936652652318514,15.120999999999999
50,9611022,2021-12-27,IHS,14.33,112816.0,-0.4919685677616914,0.0006983240223463538,0.009999999999999787,0.0,67.84313725490196,13.73881575930561,13.65075816998571,13.60618233423018,13.965789492887513,15.089980392156862
51,11103531,2021-12-28,IHS,14.19,103249.0,-0.0848018011629556,-0.009769713886950493,0.0,0.14000000000000057,63.77358490566034,13.851611819479206,13.75860653598857,13.696000436656306,13.98239767859955,15.05468704344483
52,5788571,2021-12-29,IHS,14.01,118188.0,0.14468905267847632,-0.012684989429175456,0.0,0.17999999999999972,61.01083032490973,13.891208864609405,13.808885228790857,13.744308061786105,13.984442294999585,15.013718924094052
53,8568762,2021-12-30,IHS,14.06,158492.0,0.3410160083934071,0.003568879371877281,0.05000000000000071,0.0,68.23529411764704,13.933406648457055,13.859108183032685,13.792876052280551,13.990039162036654,14.976318181972717
54,7925180,2021-12-31,IHS,14.1,80856.0,-0.4898417585745653,0.0028449502133712054,0.03999999999999915,0.0,72.95081967213113,13.975054986342792,13.90728654642615,13.840125890391235,13.998184409293199,14.941952763071827
55,8192362,2022-01-03,IHS,13.76,74053.0,-0.08413723162164836,-0.024113475177304954,0.0,0.33999999999999986,64.02877697841726,13.921291239757094,13.87782923714092,13.827798830331046,13.980541119715925,14.895601674323911
56,6226650,2022-01-04,IHS,13.51,168691.0,1.2779765843382442,-0.018168604651162792,0.0,0.25,62.45614035087717,13.81846842981782,13.804263389712737,13.778906702587808,13.945686221959189,14.84126435376219
57,740494,2022-01-05,IHS,13.44,205771.0,0.219810185487074,-0.005181347150259088,0.0,0.07000000000000028,59.57446808510637,13.723851322363364,13.731410711770192,13.726767209881992,13.908227983295545,14.7863128104774
58,538965,2022-01-06,IHS,13.17,107343.0,-0.4783375694339824,-0.020089285714285685,0.0,0.2699999999999996,52.52525252525253,13.585388491772523,13.619128569416155,13.641110716053992,13.853544428977356,14.722927994380246
59,8423546,2022-01-07,IHS,12.88,110464.0,0.02907502119374342,-0.022019741837509425,0.0,0.28999999999999915,49.211356466876985,13.409041368829394,13.471302855532926,13.524016759737993,13.781430026830884,14.65065630832612
60,8745945,2022-01-10,IHS,12.49,219827.0,0.9900329519119351,-0.030279503105590105,0.0,0.39000000000000057,44.699140401146146,13.179281026622046,13.275042284426341,13.364937258239841,13.685768543361931,14.565924688391764
61,8818342,2022-01-11,IHS,12.48,186897.0,-0.14979961515191492,-0.0008006405124099109,0.0,0.009999999999999787,39.75155279503105,13.004460769966535,13.116033827541074,13.228793064664481,13.596452354964752,14.48412372021954
62,2793206,2022-01-12,IHS,12.51,201973.0,0.08066475117310604,0.0024038461538461024,0.02999999999999936,0.0,17.094017094017047,12.8808455774749,12.99482706203286,13.118209516254561,13.51597440274514,14.406707103740342
63,1732088,2022-01-13,IHS,12.38,244989.0,0.2129789625345962,-0.010391686650679377,0.0,0.129999999999999,5.909090909090878,12.755634183106176,12.87186164962629,13.004638821446166,13.431828150689945,14.327228393789742
64,8841168,2022-01-14,IHS,11.95,170058.0,-0.3058545485715685,-0.0347334410339258,0.0,0.4300000000000015,4.580152671755684,12.554225637329633,12.687489319701033,12.842386695069834,13.32206310249069,14.234003750896028
65,9118277,2022-01-18,IHS,11.72,162085.0,-0.0468840042808924,-0.01924686192468608,0.0,0.22999999999999865,4.428044280442776,12.345669227997224,12.493991455760828,12.669711818905245,13.203391761565452,14.135415368507948
66,6939465,2022-01-19,IHS,11.75,138866.0,-0.143251997408767,0.002559726962457283,0.02999999999999936,0.0,5.859374999999957,12.196751920997919,12.345193164608663,12.528217692919824,13.095733112560604,14.041869667782146
67,8864054,2022-01-20,IHS,11.82,184800.0,0.3307793124306886,0.005957446808510663,0.07000000000000028,0.0,6.5891472868216425,12.102563940748439,12.240154531686931,12.419261124778313,13.001234363482041,13.954737523947552
68,4238618,2022-01-21,IHS,11.62,92452.0,-0.49971861471861473,-0.01692047377326574,0.0,0.20000000000000107,4.744525547445207,11.981922955561329,12.116123625349546,12.296297874812417,12.898920706927814,13.8631791896751
69,9311872,2022-01-24,IHS,11.63,213511.0,1.309425431575304,0.0008605851979347301,0.010000000000001563,0.0,5.809128630705416,11.893942216670997,12.018898900279638,12.193790509456662,12.804926580488717,13.775603535178037
70,12504378,2022-01-25,IHS,11.34,141718.0,-0.3362496545845413,-0.024935511607910653,0.0,0.2900000000000009,5.714285714285722,11.75545666250325,11.88311912022371,12.062438123386405,12.696413500452515,13.680089671053409
71,12395420,2022-01-26,IHS,11.35,142843.0,0.00793830000423376,0.0008818342151675297,0.009999999999999787,0.0,6.276150627615067,11.654092496877437,11.776495296178968,11.952832258250034,12.59667916708566,13.588713605521903
72,9943300,2022-01-27,IHS,11.0,102537.0,-0.2821699348235475,-0.030837004405286313,0.0,0.34999999999999964,6.072874493927131,11.490569372658078,11.621196236943174,11.806242680057721,12.478406636190426,13.487195424913201
73,5322747,2022-01-28,IHS,11.31,117387.0,0.14482577020977794,0.028181818181818228,0.3100000000000005,0.0,18.473895582329348,11.445427029493558,11.55895698955454,11.729897652356534,12.391857996472616,13.401815212171508
74,10167998,2022-01-31,IHS,11.96,158253.0,0.34813054256433845,0.05747126436781612,0.6500000000000004,0.0,40.363636363636374,11.574070272120169,11.639165591643632,11.765298013532451,12.359868515252423,13.345273439145174
75,4364967,2022-02-01,IHS,12.04,167811.0,0.060396959299349774,0.006688963210702198,0.0799999999999983,0.0,42.198581560283664,11.690552704090127,11.719332473314905,11.807559857604382,12.336174551159651,13.294086245453208
76,4200402,2022-02-02,IHS,12.0,277609.0,0.6542956063666864,-0.003322259136212554,0.0,0.03999999999999915,40.989399293286226,11.767914528067596,11.775465978651924,11.837166033357555,12.311272732555233,13.243337765239357
77,3383578,2022-02-03,IHS,11.66,202196.0,-0.27165185566750355,-0.02833333333333332,0.0,0.33999999999999986,38.157894736842096,11.740935896050697,11.75237278292154,11.809909720533316,12.263030307921513,13.181246088171147
78,864628,2022-02-04,IHS,11.47,238550.0,0.1797958416585887,-0.01629502572898795,0.0,0.1899999999999995,41.42857142857145,11.673201922038022,11.695898226337233,11.757615917374345,12.20428732214955,13.114138398438945
79,8695460,2022-02-07,IHS,11.55,100447.0,-0.5789268497170404,0.0069747166521360125,0.08000000000000007,0.0,46.79245283018868,11.642401441528516,11.666718581069787,11.725675007009063,12.155821594582918,13.052799637715848
80,8846045,2022-02-08,IHS,12.05,109595.0,0.0910729041185899,0.04329004329004329,0.5,0.0,54.80769230769232,11.744301081146386,11.74337486485583,11.775571159776899,12.147982957947146,13.013474161726991
81,807557,2022-02-09,IHS,12.9,241652.0,1.204954605593321,0.0705394190871369,0.8499999999999996,0.0,63.84615384615385,12.033225810859788,11.974699891884665,11.948560212118915,12.203687924025136,13.009024194600443
82,10717051,2022-02-10,IHS,12.53,108695.0,-0.5502002880174797,-0.028682170542635735,0.0,0.370000000000001,61.17936117936118,12.15741935814484,12.085759913507733,12.038012487177543,12.227859188912163,12.990238932067093
83,4226235,2022-02-11,IHS,12.22,56642.0,-0.4788904733428401,-0.024740622505985535,0.0,0.3099999999999987,56.75057208237987,12.17306451860863,12.112607930806188,12.066010566073306,12.227277026770523,12.960033483750736
84,1192789,2022-02-14,IHS,12.2,96806.0,0.7090851311747467,-0.0016366612111294067,0.0,0.02000000000000135,60.48780487804878,12.179798388956474,12.130086344644951,12.086624325138951,12.225256506269002,12.930228249093846
85,1702278,2022-02-15,IHS,12.25,69494.0,-0.28213127285498835,0.004098360655737763,0.05000000000000071,0.0,60.86956521739131,12.197348791717356,12.154069075715963,12.111759044348343,12.227089357656482,12.903552631482322
86,2018238,2022-02-16,IHS,11.68,87352.0,0.25697182490574727,-0.04653061224489798,0.0,0.5700000000000003,57.798165137614674,12.068011593788016,12.05925526057277,12.04533457598706,12.186564220052297,12.855570175345761
87,8231687,2022-02-17,IHS,11.45,86115.0,-0.014161095338400952,-0.019691780821917845,0.0,0.23000000000000043,51.63551401869157,11.913508695341012,11.937404208458219,11.95374464121982,12.13200390745583,12.800449776312595
88,12427049,2022-02-18,IHS,11.44,44306.0,-0.4855019450734483,-0.0008733624454148286,0.0,0.009999999999999787,42.85714285714283,11.795131521505759,11.837923366766576,11.874707004109078,12.0807443587554,12.747098804692493
89,3314372,2022-02-22,IHS,11.25,95164.0,1.1478806482192028,-0.016608391608391566,0.0,0.1899999999999995,39.466666666666676,11.65884864112932,11.720338693413261,11.778598234246143,12.019207739588333,12.68838904764573
90,6242555,2022-02-23,IHS,11.11,147983.0,0.5550313143625741,-0.012444444444444496,0.0,0.14000000000000057,38.44155844155844,11.52163648084699,11.598270954730609,11.675736967439045,11.951859018137347,12.626491437934133
91,6103061,2022-02-24,IHS,11.25,53752.0,-0.6367690883412284,0.012601260126012653,0.14000000000000057,0.0,44.38356164383562,11.453727360635241,11.528616763784488,11.610238972448421,11.899869461238284,12.57251138154456
92,6313562,2022-02-25,IHS,11.47,92439.0,0.7197313588331598,0.01955555555555561,0.22000000000000064,0.0,50.0,11.45779552047643,11.51689341102759,11.588663745917895,11.868027278924338,12.529275641091832
93,7009195,2022-02-28,IHS,11.2,92188.0,-0.0027153041465182446,-0.02353966870095914,0.0,0.27000000000000135,45.47803617571058,11.393346640357322,11.453514728822073,11.528869323468989,11.818543776781793,12.477147184578428
94,12206827,2022-03-01,IHS,11.16,131942.0,0.4312274916475029,-0.0035714285714284954,0.0,0.03999999999999915,36.95014662756599,11.33500998026799,11.394811783057659,11.472120196781452,11.769762756279437,12.425494353810647
95,8043244,2022-03-02,IHS,10.92,339519.0,1.5732443043155326,-0.02150537634408604,0.0,0.2400000000000002,14.642857142857181,11.231257485200993,11.299849426446126,11.387178628045843,11.706817366925405,12.366455359543563
96,11924544,2022-03-03,IHS,10.68,120204.0,-0.6459579581702349,-0.021978021978021997,0.0,0.2400000000000002,15.355805243445758,11.093443113900745,11.175879541156903,11.27838191603879,11.630756821227227,12.300319855247738
97,885098,2022-03-04,IHS,10.63,271014.0,1.254617150843566,-0.004681647940074807,0.0,0.049999999999998934,17.012448132780136,10.97758233542556,11.066703632925524,11.178630852032823,11.556626686321506,12.234817115826257
98,5679623,2022-03-07,IHS,10.11,133870.0,-0.5060402783620035,-0.04891815616180633,0.0,0.5200000000000014,14.08934707903785,10.76068675156917,10.87536290634042,11.014226105566234,11.449469154001394,12.151490954421305
99,1795921,2022-03-08,IHS,10.19,208691.0,0.5589078957197281,0.007912957467853617,0.08000000000000007,0.0,14.965986394557845,10.618015063676877,10.738290325072336,10.887422089325275,11.356175142593882,12.074569740522431
100,7183614,2022-03-09,IHS,10.7,157294.0,-0.24628278172034251,0.050049067713444535,0.5099999999999998,0.0,32.986111111111114,10.638511297757656,10.73063226005787,10.85858792173677,11.307569576475817,12.02066504481567
101,10186738,2022-03-10,IHS,10.27,84189.0,-0.46476661538265923,-0.04018691588785044,0.0,0.4299999999999997,30.844155844155864,10.546383473318242,10.638505808046297,10.768035933777266,11.230712570810942,11.952011513646429
102,3032471,2022-03-11,IHS,10.11,143893.0,0.7091662806304861,-0.015579357351509265,0.0,0.16000000000000014,29.411764705882362,10.437287604988681,10.532804646437038,10.666799636273073,11.147696824824946,11.879775768013236
103,7366362,2022-03-14,IHS,9.77,215935.0,0.5006636876012037,-0.03363006923837783,0.0,0.33999999999999986,28.10650887573965,10.270465703741511,10.38024371714963,10.528830461461832,11.045645208171246,11.797039463385266
104,12254075,2022-03-15,IHS,9.79,367491.0,0.7018593558246694,0.002047082906857684,0.019999999999999574,0.0,29.75460122699387,10.150349277806132,10.262194973719705,10.41516423662155,10.952634452010413,11.71833203344859
105,9585281,2022-03-16,IHS,10.27,431775.0,0.17492673289958122,0.049029622063329975,0.4800000000000004,0.0,36.38888888888889,10.180261958354599,10.263755978975764,10.392831277141312,10.902068937046678,11.661534698803548
106,1345301,2022-03-17,IHS,10.5,356237.0,-0.1749476000231602,0.02239532619279459,0.23000000000000043,0.0,36.56509695290859,10.26019646876595,10.31100478318061,10.409318772965724,10.872286052821,11.615984318458311
107,3368068,2022-03-18,IHS,10.88,211560.0,-0.4061256972184248,0.036190476190476266,0.3800000000000008,0.0,45.69892473118282,10.415147351574463,10.424803826544489,10.481731269432537,10.87285745631574,11.587122188322692
108,12390692,2022-03-21,IHS,10.41,120723.0,-0.42936755530346,-0.04319852941176476,0.0,0.47000000000000064,40.96385542168675,10.413860513680849,10.421843061235592,10.47069568951984,10.83857171881087,11.540960533878664
109,8763106,2022-03-22,IHS,10.33,40169.0,-0.6672630733166008,-0.007684918347742562,0.0,0.08000000000000007,42.60651629072682,10.392895385260637,10.403474448988474,10.449050198824478,10.800899739639695,11.493471885491266
110,5483572,2022-03-23,IHS,10.25,95060.0,1.3665015310313924,-0.007744433688286551,0.0,0.08000000000000007,44.386422976501315,10.357171538945478,10.37277955919078,10.41842709131302,10.760092351518237,11.444708282138668
111,11764837,2022-03-24,IHS,10.48,78101.0,-0.17840311382284874,0.022439024390243943,0.23000000000000043,0.0,48.12967581047381,10.387878654209107,10.394223647352625,10.427899846495635,10.739344769924294,11.406876584799896
112,11662017,2022-03-25,IHS,10.5,82295.0,0.05369969654677917,0.0019083969465648447,0.019999999999999574,0.0,55.55555555555556,10.415908990656831,10.4153789178821,10.438992177803998,10.72161552770768,11.371312797160686
113,2507320,2022-03-28,IHS,10.37,94775.0,0.15164955343581019,-0.012380952380952456,0.0,0.13000000000000078,52.52808988764044,10.404431742992623,10.40630313430568,10.428377996603382,10.695569933062666,11.33204562864458
114,5284796,2022-03-29,IHS,11.02,257903.0,1.7212134001582695,0.06268081002892964,0.6500000000000004,0.0,54.32432432432432,10.558323807244467,10.529042507444546,10.519396766356708,10.719601789872838,11.319808545168323
115,9814064,2022-03-30,IHS,11.05,110399.0,-0.5719359604192273,0.002722323049001918,0.030000000000001137,0.0,61.81818181818183,10.68124285543335,10.633234005955638,10.60102803307106,10.744075731363738,11.309227817906821
116,10938597,2022-03-31,IHS,11.08,83476.0,-0.24386996259024085,0.0027149321266967744,0.02999999999999936,0.0,65.29968454258673,10.780932141575011,10.722587204764512,10.674716027983205,10.76895901052198,11.300238491714396
117,2270714,2022-04-01,IHS,11.29,121301.0,0.45312425128180556,0.018953068592057677,0.20999999999999908,0.0,74.99999999999997,10.908199106181259,10.836069763811611,10.769375100601174,10.807554639372205,11.299836982235401
118,4722638,2022-04-04,IHS,11.38,139038.0,0.146223031961814,0.007971656333038233,0.09000000000000163,0.0,75.56270096463021,11.026149329635945,10.944855811049289,10.863317392816379,10.849957999418708,11.302980629990877
119,8125889,2022-04-05,IHS,11.61,82184.0,-0.40890979444468417,0.020210896309314465,0.22999999999999865,0.0,73.4265734265734,11.17211199722696,11.077884648839433,10.978191640075398,10.906257406869173,11.315020605285353
120,12442063,2022-04-06,IHS,11.42,108992.0,0.3261948797819527,-0.016365202411714,0.0,0.1899999999999995,66.31205673758863,11.23408399792022,11.146307719071547,11.046162156986874,10.944312413767753,11.319137444293771
121,4603822,2022-04-07,IHS,11.46,35877.0,-0.6708290516735174,0.003502626970227752,0.040000000000000924,0.0,61.69354838709676,11.290562998440164,11.209046175257239,11.109829517450432,10.9825114942294,11.324661466086173
122,7539326,2022-04-08,IHS,11.4,33416.0,-0.06859547899768655,-0.0052356020942408805,0.0,0.0600000000000005,73.91304347826085,11.317922248830122,11.247236940205791,11.154471130150366,11.013436568730926,11.32761591839652
123,1431181,2022-04-11,IHS,11.22,53825.0,0.6107553267895619,-0.015789473684210503,0.0,0.17999999999999972,70.50691244239631,11.293441686622591,11.241789552164633,11.164552494742617,11.028737563639746,11.323395686302538
124,1146534,2022-04-12,IHS,11.62,125948.0,1.3399535531816071,0.03565062388591787,0.3999999999999986,0.0,77.51004016064255,11.375081264966942,11.317431641731707,11.23462134170529,11.072534781147912,11.335027228016164
125,8747209,2022-04-13,IHS,11.81,171302.0,0.36010099406104107,0.016351118760757427,0.19000000000000128,0.0,77.14285714285714,11.483810948725207,11.415945313385366,11.323141135289092,11.127161834396215,11.353653611231216
126,3625874,2022-04-14,IHS,11.6,57643.0,-0.6635007180301455,-0.017781541066892535,0.0,0.21000000000000085,70.83333333333331,11.512858211543906,11.452756250708294,11.365734806783077,11.1621868837002,11.363314253928031
127,10659211,2022-04-18,IHS,11.08,93402.0,0.6203528615790296,-0.044827586206896516,0.0,0.5199999999999996,61.71617161716173,11.404643658657928,11.378205000566634,11.321775605739528,11.156098966389074,11.352203891028893
128,8894242,2022-04-19,IHS,11.59,115416.0,0.2356908845634997,0.046028880866425974,0.5099999999999998,0.0,59.86159169550174,11.450982743993446,11.420564000453307,11.363040897164217,11.188239783693588,11.361529228635604
129,2393090,2022-04-20,IHS,11.4,40159.0,-0.6520499757399321,-0.016393442622950775,0.0,0.1899999999999995,55.73770491803278,11.438237057995083,11.416451200362648,11.368726912985107,11.203925725642211,11.36303788633617
130,7201872,2022-04-21,IHS,11.41,75057.0,0.8689957419258447,0.0008771929824561216,0.009999999999999787,0.0,55.445544554455445,11.431177793496314,11.415160960290118,11.375076618679707,11.21919048670575,11.364879537852397
131,110226,2022-04-22,IHS,11.23,50226.0,-0.3308285702865822,-0.015775635407537222,0.0,0.17999999999999972,49.00000000000002,11.380883345122236,11.378128768232095,11.35275713888283,11.219991191394213,11.359590144211126
132,9991092,2022-04-25,IHS,11.37,130269.0,1.5936566718432685,0.012466607301869883,0.1399999999999988,0.0,49.83606557377047,11.378162508841676,11.376503014585676,11.355409886747008,11.231102954994642,11.359998373849905
133,9278722,2022-04-26,IHS,11.16,64834.0,-0.5023067652319432,-0.018469656992084353,0.0,0.20999999999999908,42.57425742574258,11.323621881631258,11.333202411668541,11.325346827247468,11.225836069439483,11.352155300365595
134,6919175,2022-04-27,IHS,11.29,74265.0,0.14546379985809915,0.011648745519713172,0.129999999999999,0.0,47.8114478114478,11.315216411223444,11.324561929334834,11.319908853824781,11.230588953184707,11.34971783760616
135,4295138,2022-04-28,IHS,11.3,75372.0,0.014906079579882853,0.0008857395925599259,0.010000000000001563,0.0,47.278911564625844,11.311412308417584,11.319649543467868,11.316845953236355,11.235730512208063,11.347768118484352
136,11730707,2022-04-29,IHS,10.5,85577.0,0.1353951069362628,-0.0707964601769912,0.0,0.8000000000000007,37.771739130434774,11.108559231313187,11.155719634774295,11.191177345046146,11.181231955748206,11.314522309916338
137,6563815,2022-05-02,IHS,10.86,117523.0,0.3733012374820337,0.03428571428571423,0.35999999999999943,0.0,45.33678756476682,11.04641942348489,11.096575707819436,11.140226984269816,11.157436996063154,11.296697905605894
138,5118553,2022-05-03,IHS,10.97,93072.0,-0.20805289177437608,0.010128913443830682,0.11000000000000121,0.0,40.89635854341739,11.027314567613667,11.07126056625555,11.114038217459075,11.14355277413255,11.283886223033115
139,3050472,2022-05-04,IHS,11.17,52579.0,-0.435071772391267,0.01823154056517769,0.1999999999999993,0.0,41.061452513966465,11.062985925710251,11.09100845300444,11.122647722465372,11.14551182790051,11.279420096639658
140,12536912,2022-05-05,IHS,10.97,50399.0,-0.04146141995853858,-0.017905102954341924,0.0,0.1999999999999993,41.1764705882353,11.039739444282688,11.066806762403553,11.099163457470699,11.13251095175973,11.267285975202809
141,10961308,2022-05-06,IHS,10.93,81923.0,0.6254886009643048,-0.0036463081130356356,0.0,0.040000000000000924,47.572815533980574,11.012304583212016,11.039445409922843,11.073138310167515,11.117510140518268,11.254059074214462
142,10967073,2022-05-09,IHS,10.4,121610.0,0.4844427083969093,-0.048490393412625746,0.0,0.5299999999999994,30.86816720257235,10.859228437409012,10.911556327938275,10.969578570141742,11.064361241220618,11.22056656150017
143,6913332,2022-05-10,IHS,10.34,99819.0,-0.1791875668119398,-0.005769230769230817,0.0,0.0600000000000005,32.214765100671116,10.729421328056759,10.797245062350619,10.872720328581474,11.010704852982053,11.186034539480557
144,5844234,2022-05-11,IHS,10.06,46431.0,-0.5348480750157786,-0.027079303675048294,0.0,0.27999999999999936,29.230769230769226,10.56206599604257,10.649796049880496,10.747686431876632,10.94028227127968,11.141876322246025
145,7572967,2022-05-12,IHS,10.36,56974.0,0.22706812259051065,0.029821073558648003,0.29999999999999893,0.0,37.09198813056378,10.511549497031927,10.5918368399044,10.688042365434073,10.897298399333037,11.111214505687357
146,8239256,2022-05-13,IHS,10.58,120523.0,1.115403517393899,0.021235521235521297,0.22000000000000064,0.0,38.55072463768117,10.528662122773945,10.58946947192352,10.6714204630596,10.873794814197257,11.090382564287852
147,1928566,2022-05-16,IHS,10.51,102942.0,-0.1458725720401915,-0.006616257088846908,0.0,0.07000000000000028,40.181268882175225,10.523996592080458,10.573575577538817,10.646586545665816,10.846847050182646,11.067622463727544
148,298302,2022-05-17,IHS,11.01,112646.0,0.09426667443803306,0.04757373929590866,0.5,0.0,46.195652173913054,10.645497444060343,10.660860462031053,10.702496307871074,10.85893245387282,11.06536275926764
149,7348804,2022-05-18,IHS,11.21,74477.0,-0.3388402606395256,0.0181653042688466,0.20000000000000107,0.0,48.83720930232558,10.786623083045257,10.770688369624844,10.780573798967833,10.884937457289649,11.07103480792381
150,126299,2022-05-19,IHS,10.98,124380.0,0.6700457859473394,-0.02051739518287247,0.0,0.23000000000000043,57.27272727272728,10.834967312283943,10.812550695699876,10.811254752972783,10.891979127120045,11.06746481545621
151,9578952,2022-05-20,IHS,11.0,23847.0,-0.8082730342498794,0.0018214936247722745,0.019999999999999574,0.0,52.36486486486487,10.876225484212958,10.8500405565599,10.840292483284664,10.899980673259302,11.064819136418713
152,4073375,2022-05-23,IHS,11.0,36205.0,0.5182203212144085,0.0,0.0,-0.0,50.52631578947368,10.907169113159718,10.88003244524792,10.86486287047164,10.907389512277131,11.062277209500332
153,5067227,2022-05-24,IHS,10.98,35822.0,-0.010578649357823504,-0.0018181818181817794,0.0,0.019999999999999574,46.44194756554308,10.925376834869788,10.900025956198336,10.882576275014465,10.912768066923269,11.059050652265023
154,23548,2022-05-25,IHS,11.42,137544.0,2.8396516107420022,0.04007285974499085,0.4399999999999995,0.0,57.731958762886585,11.049032626152341,11.00402076495867,10.965256848089162,10.95034080270673,11.073205528646787
155,9527142,2022-05-26,IHS,11.5,91969.0,-0.33134851393008785,0.007005253940455348,0.08000000000000007,0.0,59.661016949152554,11.161774469614256,11.103216611966937,11.047525025306214,10.991056298802528,11.08994256673907
156,4825088,2022-05-27,IHS,11.8,58800.0,-0.360654133458013,0.02608695652173919,0.3000000000000007,0.0,75.73529411764706,11.321330852210693,11.24257328957355,11.163290406028336,11.050978054446784,11.117787956278715
157,11189094,2022-05-31,IHS,11.71,128103.0,1.1786224489795918,-0.007627118644067784,0.0,0.08999999999999986,74.90909090909093,11.41849813915802,11.33605863165884,11.247399574331668,11.099794494858132,11.141011957993275
158,8125513,2022-06-01,IHS,11.95,128057.0,-0.0003590860479457936,0.020495303159692436,0.23999999999999844,0.0,84.87084870848707,11.551373604368514,11.458846905327073,11.355491947511412,11.162772680424196,11.172736979248441
159,12281138,2022-06-02,IHS,12.35,54057.0,-0.5778676683039584,0.03347280334728037,0.40000000000000036,0.0,85.40925266903915,11.751030203276386,11.63707752426166,11.50849318635581,11.250715444837217,11.218904156532815
160,6190137,2022-06-03,IHS,12.08,105759.0,0.9564348742993507,-0.02186234817813762,0.0,0.2699999999999996,76.22377622377623,11.833272652457289,11.725662019409329,11.59641731153184,11.312143930404831,11.25267262098251
161,7029375,2022-06-06,IHS,12.44,98486.0,-0.06876956098298963,0.029801324503311213,0.35999999999999943,0.0,80.63492063492065,11.984954489342966,11.868529615527462,11.726199263603863,11.395688824448918,11.299234478983196
162,2697965,2022-06-07,IHS,12.12,77588.0,-0.2121925959019556,-0.025723472668810313,0.0,0.3200000000000003,68.68686868686868,12.018715867007224,11.91882369242197,11.786783992280192,11.449341504119369,11.331421362160325
163,6994274,2022-06-08,IHS,11.99,104933.0,0.35243852142083826,-0.010726072607260644,0.0,0.129999999999999,63.448275862068975,12.011536900255418,11.933058953937577,11.818047993467854,11.489390281592009,11.35724797540894
164,12247729,2022-06-09,IHS,11.39,42195.0,-0.5978862702867545,-0.050041701417848174,0.0,0.5999999999999996,56.26911314984711,11.856152675191563,11.824447163150062,11.75219445601126,11.482028038511118,11.35853236853016
165,4907127,2022-06-10,IHS,10.65,298252.0,6.068420428960778,-0.06496927129060581,0.0,0.7400000000000002,45.6140350877193,11.554614506393671,11.58955773052005,11.582626078163374,11.42039633195474,11.330746785450547
166,4705528,2022-06-13,IHS,10.79,170726.0,-0.4275780212706034,0.013145539906103173,0.1399999999999988,0.0,47.457627118644055,11.363460879795253,11.42964618441604,11.460683604599778,11.3737003073655,11.30954102915837
167,253954,2022-06-14,IHS,10.11,77327.0,-0.5470695734685989,-0.06302131603336421,0.0,0.6799999999999997,40.91858037578287,11.05009565984644,11.165716947532832,11.252886126969042,11.280092877190278,11.262500204485493
168,12583958,2022-06-15,IHS,10.46,316813.0,3.0970553622926014,0.03461918892185969,0.3500000000000014,0.0,39.7872340425532,10.90257174488483,11.024573558026267,11.130903645896883,11.219345256657665,11.23102960823116
169,7832818,2022-06-16,IHS,10.0,113127.0,-0.6429218497978303,-0.043977055449330865,0.0,0.46000000000000085,35.236220472440934,10.676928808663622,10.819658846421014,10.956918469605053,11.129023385794135,11.182753937320134
170,5565143,2022-06-17,IHS,10.16,168440.0,0.48894605178250994,0.016000000000000014,0.16000000000000014,0.0,33.40080971659917,10.547696606497716,10.687727077136811,10.834315628127353,11.05724387573531,11.142645939778168
171,10301627,2022-06-21,IHS,10.72,144384.0,-0.1428164331512705,0.05511811023622052,0.5600000000000005,0.0,40.850277264325314,10.590772454873287,10.69418166170945,10.816728608415453,11.032262847903064,11.126071589198633
172,9458083,2022-06-22,IHS,10.96,89583.0,-0.37955036569148937,0.022388059701492557,0.2400000000000002,0.0,40.850277264325335,10.683079341154965,10.74734532936756,10.838770360966922,11.02691004435469,11.11955897785751
173,5730158,2022-06-23,IHS,11.11,76708.0,-0.14372146501010236,0.013686131386861183,0.14999999999999858,0.0,37.984496124031004,10.789809505866224,10.819876263494049,10.880497997741243,11.033064855883973,11.119184115980746
174,4929304,2022-06-24,IHS,11.0,143173.0,0.8664676435313136,-0.00990099009900985,0.0,0.10999999999999943,39.199999999999996,10.842357129399668,10.85590101079524,10.898882921165669,11.030615607299975,11.11451022907954
175,4393614,2022-06-27,IHS,10.53,66023.0,-0.5388585836715023,-0.04272727272727279,0.0,0.47000000000000064,31.311154598825837,10.764267847049751,10.790720808636191,10.842131702524796,10.993532969722198,11.091588259311715
176,5818538,2022-06-28,IHS,10.23,79679.0,0.20683701134453145,-0.02849002849002839,0.0,0.29999999999999893,31.43418467583497,10.630700885287315,10.678576646908954,10.747957594444058,10.936974971964997,11.057800484436745
177,11337412,2022-06-29,IHS,10.3,32412.0,-0.5932177863678008,0.00684261974584558,0.07000000000000028,0.0,33.20079522862824,10.548025663965486,10.602861317527164,10.679041041452663,10.88979164070833,11.028082818380403
178,3007572,2022-06-30,IHS,10.44,93479.0,1.884086140935456,0.01359223300970862,0.1399999999999988,0.0,39.60612691466082,10.521019247974115,10.570289054021732,10.642265496613792,10.856473741396602,11.005020747071368
179,5341435,2022-07-01,IHS,10.65,69661.0,-0.254795194642647,0.020114942528735715,0.21000000000000085,0.0,50.0,10.553264435980585,10.586231243217387,10.64345542021167,10.84117939018204,10.991098364833276
180,12707330,2022-07-05,IHS,10.56,41675.0,-0.40174559653177533,-0.0084507042253521,0.0,0.08999999999999986,47.11779448621556,10.55494832698544,10.58098499457391,10.63061612479449,10.820351287205593,10.97419254660452
181,6519283,2022-07-06,IHS,10.35,44437.0,0.0662747450509898,-0.019886363636363716,0.0,0.21000000000000085,53.409090909090914,10.50371124523908,10.534787995659128,10.587444413287644,10.785510451116291,10.949714407521991
182,12713522,2022-07-07,IHS,9.56,415657.0,8.353849269752683,-0.07632850241545885,0.0,0.7899999999999991,38.636363636363626,10.26778343392931,10.339830396527304,10.42937604201262,10.69473189918175,10.895215803305444
183,12350267,2022-07-08,IHS,9.37,140597.0,-0.6617475466550545,-0.01987447698744783,0.0,0.19000000000000128,41.46341463414633,10.043337575446982,10.145864317221845,10.266395112472217,10.596603610353473,10.835403418862093
184,873383,2022-07-11,IHS,9.0,161184.0,0.14642559940823774,-0.039487726787619984,0.0,0.3699999999999992,35.128205128205124,9.782503181585236,9.916691453777476,10.0715650951688,10.478336676253216,10.763426814200836
185,9630591,2022-07-12,IHS,8.7,257539.0,0.597795066507842,-0.03333333333333341,0.0,0.3000000000000007,22.252747252747227,9.511877386188928,9.67335316302198,9.860555080527448,10.346608033567792,10.682508115604726
186,1698102,2022-07-13,IHS,8.97,272191.0,0.05689235416771829,0.03103448275862085,0.27000000000000135,0.0,22.888283378746593,9.376408039641696,9.532682530417585,9.723546606600149,10.244637068118326,10.615350934600619
187,3666328,2022-07-14,IHS,8.6,129857.0,-0.5229195675095797,-0.04124860646599788,0.0,0.370000000000001,17.73778920308486,9.182306029731272,9.346146024334068,9.550693282507819,10.122812100109561,10.536317564616281
188,5887072,2022-07-15,IHS,8.47,79417.0,-0.38842726999699667,-0.015116279069767327,0.0,0.129999999999999,17.647058823529434,9.004229522298454,9.170916819467255,9.384432777506618,10.000381574175519,10.45528550325878
189,23883,2022-07-18,IHS,8.6,104810.0,0.3197426243751338,0.015348288075560684,0.129999999999999,0.0,22.96918767507003,8.903172141723841,9.056733455573804,9.263750811736369,9.896649605718073,10.382529209013338
190,11438384,2022-07-19,IHS,8.67,131657.0,0.25614922240244253,0.008139534883720963,0.07000000000000028,0.0,26.646706586826355,8.84487910629288,8.979386764459043,9.172404533007697,9.805786671961178,10.315371200816736
191,6780167,2022-07-20,IHS,8.8,93944.0,-0.2864488785252588,0.014994232987312662,0.13000000000000078,0.0,27.941176470588246,8.833659329719662,8.943509411567236,9.11511152792959,9.73128395551961,10.25594487921608
192,407424,2022-07-21,IHS,8.76,99703.0,0.06130247807204292,-0.00454545454545465,0.0,0.040000000000000924,24.54545454545459,8.815244497289747,8.90680752925379,9.060478985171192,9.65933699585149,10.197280374148784
193,10984508,2022-07-22,IHS,8.17,131779.0,0.32171549502021,-0.06735159817351596,0.0,0.5899999999999999,16.304347826086982,8.65393337296731,8.759446023403033,8.923482218221778,9.549015736899527,10.117779183005695
194,8137925,2022-07-25,IHS,8.21,87649.0,-0.33487885019616176,0.004895960832313455,0.040000000000000924,0.0,17.63085399449041,8.542950029725484,8.649556818722427,8.813715723110736,9.44982938601808,10.042964313083903
195,2304624,2022-07-26,IHS,8.6,96110.0,0.09653276135494986,0.04750304506699132,0.3899999999999988,0.0,27.034120734908157,8.557212522294114,8.639645454977943,8.7808363810937,9.386879061127853,9.986377477276692
196,11438293,2022-07-27,IHS,8.41,86568.0,-0.09928207262511705,-0.022093023255813898,0.0,0.1899999999999995,32.08722741433023,8.520409391720584,8.593716363982354,8.723784630156207,9.314517649192457,9.924558752677607
197,12464365,2022-07-28,IHS,8.31,91103.0,0.05238656316421773,-0.011890606420927425,0.0,0.09999999999999964,33.01282051282054,8.467807043790438,8.536973091185883,8.660125456286021,9.24010893443746,9.861242723160839
198,9790881,2022-07-29,IHS,8.61,153872.0,0.688989385640429,0.03610108303249084,0.29999999999999893,0.0,43.60655737704917,8.50335528284283,8.551578472948707,8.652413847626633,9.193434198553204,9.812174381076101
199,2229579,2022-08-01,IHS,8.24,149319.0,-0.029589528959134866,-0.04297328687572581,0.0,0.3699999999999992,42.62820512820514,8.437516462132121,8.489262778358967,8.588965563376382,9.122809443104819,9.750520483778999
200,2919920,2022-08-02,IHS,8.2,83220.0,-0.4426697205312117,-0.004854368932038947,0.0,0.040000000000000924,36.67820069204149,8.37813734659909,8.431410222687173,8.529124707472324,9.054453188060018,9.68971575892492
201,7226840,2022-08-03,IHS,8.03,241632.0,1.9035328046142754,-0.020731707317073165,0.0,0.16999999999999993,39.40520446096653,8.291103009949317,8.35112817814974,8.45233629093812,8.978567766722238,9.62462886641806
202,7058660,2022-08-04,IHS,8.07,214013.0,-0.11430191365382068,0.004981320049813316,0.040000000000000924,0.0,42.30769230769229,8.235827257461988,8.294902542519793,8.393515323101486,8.911266450668737,9.563663028519313
203,8548141,2022-08-05,IHS,8.01,51505.0,-0.7593370496184811,-0.007434944237918277,0.0,0.0600000000000005,38.33992094861661,8.179370443096492,8.237922034015835,8.334512965701258,8.844505972841423,9.502735066616596
204,3694869,2022-08-08,IHS,7.98,156910.0,2.0465003397728374,-0.0037453183520598453,0.0,0.02999999999999936,36.14457831325303,8.129527832322369,8.18633762721267,8.279972509439526,8.780468493371687,9.443019965964965
205,3452816,2022-08-09,IHS,8.0,71857.0,-0.5420495825632529,0.0025062656641603475,0.019999999999999574,0.0,33.193277310924344,8.097145874241777,8.149070101770135,8.2368998156796,8.722656012381194,9.38643094769183
206,9772936,2022-08-10,IHS,8.05,61868.0,-0.13901220479563578,0.006250000000000089,0.05000000000000071,0.0,35.14644351464436,8.085359405681334,8.12925608141611,8.208145997882738,8.672829641093697,9.334021890919603
207,9876201,2022-08-11,IHS,8.18,73911.0,0.19465636516454388,0.01614906832298124,0.129999999999999,0.0,50.25906735751295,8.109019554261,8.139404865132889,8.203815844362317,8.636323741753422,9.288766130491384
208,9616160,2022-08-12,IHS,8.5,76407.0,0.03377034541543207,0.03911980440097803,0.3200000000000003,0.0,56.56108597285067,8.20676466569575,8.21152389210631,8.249382637537346,8.626225686808723,9.257834125374076
209,1219959,2022-08-15,IHS,8.49,132862.0,0.738872092871072,-0.001176470588235269,0.0,0.009999999999999787,46.9945355191257,8.277573499271814,8.267219113685048,8.286400693300832,8.616134895193262,9.227722983202543
210,12156436,2022-08-16,IHS,7.8,288070.0,1.1681895500594601,-0.08127208480565376,0.0,0.6900000000000004,36.909871244635184,8.15818012445386,8.173775290948038,8.211569817408396,8.55568045851228,9.171733846606367
211,218512,2022-08-17,IHS,7.29,370198.0,0.28509737216648734,-0.06538461538461536,0.0,0.5099999999999998,31.386861313868593,7.941135093340395,7.997020232758431,8.069789845499411,8.461926350474332,9.097940362425724
212,8917343,2022-08-18,IHS,7.51,286921.0,-0.22495259293675277,0.030178326474622735,0.21999999999999975,0.0,29.32330827067669,7.8333513200052955,7.899616186206745,7.983668330807195,8.391413287476233,9.035668191350206
213,638503,2022-08-19,IHS,7.32,178696.0,-0.3771944193697917,-0.025299600532623104,0.0,0.1899999999999995,31.451612903225808,7.705013490003972,7.783692948965397,7.881565510683011,8.312049340255772,8.968387085807061
214,12423873,2022-08-22,IHS,7.79,418202.0,1.3402986076912746,0.064207650273224,0.46999999999999975,0.0,42.95532646048112,7.726260117502979,7.784954359172318,7.86747850903947,8.273379018755344,8.922175827540118
215,7392500,2022-08-23,IHS,7.12,730616.0,0.7470409036781268,-0.08600770218228497,0.0,0.6699999999999999,36.65689149560118,7.574695088127235,7.651963487337855,7.75248181534109,8.187943535884578,8.8515022656758
216,219038,2022-08-24,IHS,6.96,373528.0,-0.488749219836412,-0.02247191011235957,0.0,0.16000000000000014,34.277620396600554,7.421021316095426,7.513570789870284,7.630561536057845,8.096984755448684,8.777325706237534
217,8609230,2022-08-25,IHS,7.21,464229.0,0.2428224925574522,0.035919540229885055,0.25,0.0,39.247311827956985,7.368265987071569,7.452856631896228,7.565859761279715,8.031282180971004,8.715861953051748
218,55225,2022-08-26,IHS,7.44,511502.0,0.10183120830452212,0.03190013869625526,0.23000000000000043,0.0,43.11224489795918,7.386199490303677,7.450285305516983,7.546496721082836,7.987483500899078,8.665828150971286
219,9833861,2022-08-29,IHS,7.05,285069.0,-0.4426825310555971,-0.05241935483870975,0.0,0.39000000000000057,38.92773892773893,7.302149617727758,7.370228244413587,7.470112610147016,7.918040278610257,8.602462341129277
220,5103549,2022-08-30,IHS,6.93,265205.0,-0.06968137538630999,-0.017021276595744695,0.0,0.1200000000000001,37.155963302752276,7.2091122132958185,7.2821825955308706,7.387018362432091,7.844852109824313,8.53687558265362
221,8854980,2022-08-31,IHS,6.48,515416.0,0.9434626044003696,-0.06493506493506483,0.0,0.4499999999999993,31.83760683760684,7.026834159971864,7.121746076424697,7.247477075904078,7.743751953541031,8.456213795098575
222,3410300,2022-09-01,IHS,6.38,295259.0,-0.42714428733295046,-0.01543209876543218,0.0,0.10000000000000053,26.233183856502237,6.865125619978898,6.973396861139758,7.114019064226527,7.642733290315769,8.374793646271181
223,9224,2022-09-02,IHS,6.38,184153.0,-0.3763001297166217,0.0,0.0,-0.0,26.29213483146067,6.743844214984174,6.854717488911806,7.001093054345523,7.549197491033119,8.296566444456625
224,858577,2022-09-06,IHS,6.28,162213.0,-0.11914006288249444,-0.015673981191222514,0.0,0.09999999999999964,30.310880829015545,6.627883161238131,6.739773991129446,6.890155661369288,7.455182862067703,8.21748540741911
225,1309006,2022-09-07,IHS,6.29,197923.0,0.22014265194528182,0.0015923566878980552,0.009999999999999787,0.0,35.11904761904762,6.543412370928598,6.649819192903557,6.797824021158628,7.368873020433059,8.141897744383067
226,5259960,2022-09-08,IHS,6.17,197035.0,-0.0044865932711205874,-0.019077901430842623,0.0,0.1200000000000001,29.447852760736197,6.4500592781964485,6.553855354322846,6.701235710211147,7.2800676115120915,8.064568421073927
227,2160930,2022-09-09,IHS,6.27,236127.0,0.1984012992615525,0.016207455429497513,0.09999999999999964,0.0,33.43848580441639,6.405044458647336,6.4970842834582765,6.634891754794047,7.205247788437122,7.9941931888749505
228,3243993,2022-09-12,IHS,7.83,1756771.0,6.439941218073325,0.24880382775119628,1.5600000000000005,0.0,50.46948356807511,6.761283343985502,6.763667426766621,6.8187545617488095,7.2515257300343725,7.987754240291619
229,704524,2022-09-13,IHS,7.07,879861.0,-0.49916010680959555,-0.09706257982120048,0.0,0.7599999999999998,49.425287356321846,6.838462507989126,6.824933941413297,6.857407706095146,7.238079379661456,7.951763877927243
230,2911148,2022-09-14,IHS,7.06,438040.0,-0.5021486348411851,-0.0014144271570015099,0.0,0.010000000000000675,51.19047619047619,6.893846880991844,6.871947153130638,6.8885757513112775,7.224888314501348,7.916792745459508
231,9794836,2022-09-15,IHS,6.7,361970.0,-0.17365993973153138,-0.05099150141643052,0.0,0.35999999999999943,44.083526682134575,6.8453851607438825,6.837557722504511,6.859564097263388,7.186007698612358,7.869075382892469
232,6899876,2022-09-16,IHS,6.52,301105.0,-0.16814929414039836,-0.026865671641791135,0.0,0.1800000000000006,39.2018779342723,6.764038870557912,6.774046178003609,6.807323466915175,7.136673795011443,7.8161704659162945
233,915688,2022-09-19,IHS,6.53,327799.0,0.08865345975656333,0.0015337423312884472,0.010000000000000675,0.0,43.29896907216496,6.705529152918435,6.725236942402888,6.764658318158995,7.091734995380966,7.765732408429381
234,7523042,2022-09-20,IHS,6.51,295496.0,-0.09854514504315144,-0.0030627871362940984,0.0,0.020000000000000462,44.44444444444444,6.656646864688826,6.68218955392231,6.725480115365303,7.048643514241635,7.716488000255679
235,7859165,2022-09-21,IHS,6.27,284285.0,-0.037939599859219755,-0.03686635944700464,0.0,0.2400000000000002,47.058823529411754,6.55998514851662,6.599751643137848,6.655406251462949,6.990966216890403,7.65976298063781
236,6645179,2022-09-22,IHS,6.14,306586.0,0.07844592574353201,-0.020733652312599667,0.0,0.1299999999999999,46.666666666666664,6.454988861387465,6.507801314510279,6.5761129820071105,6.927931682305928,7.600164432377504
237,10079818,2022-09-23,IHS,5.96,267420.0,-0.1277488208854938,-0.02931596091205207,0.0,0.17999999999999972,44.44444444444444,6.331241646040599,6.398241051608224,6.481326369390631,6.856233039172156,7.535844258558778
238,7785464,2022-09-26,IHS,6.01,234390.0,-0.12351357415301772,0.008389261744966413,0.04999999999999982,0.0,46.38069705093833,6.25093123453045,6.3205928412865795,6.408814620253612,6.793549110344588,7.476007228811374
239,2874769,2022-09-27,IHS,6.07,163385.0,-0.3029352788088229,0.00998336106489193,0.0600000000000005,0.0,47.089947089947096,6.205698425897838,6.270474273029264,6.3566892940607485,6.739952879948692,7.420869690426615
240,12647654,2022-09-28,IHS,6.09,214143.0,0.31066499372647427,0.0032948929159801604,0.019999999999999574,0.0,48.91304347826087,6.176773819423379,6.234379418423412,6.315660171897556,6.691808222174715,7.368678722174591
241,3217038,2022-09-29,IHS,5.76,361034.0,0.6859481748177619,-0.05418719211822661,0.0,0.33000000000000007,43.478260869565226,6.072580364567534,6.13950353473873,6.230173991605624,6.622785390902514,7.305593282089313
242,9908655,2022-09-30,IHS,5.58,491568.0,0.36155597533750283,-0.03124999999999995,0.0,0.17999999999999972,5.533596837944685,5.9494352734256495,6.027602827790984,6.130147223666297,6.545542028613439,7.237922957301497
243,1873759,2022-10-03,IHS,5.71,254787.0,-0.48168513817010056,0.023297491039426504,0.1299999999999999,0.0,14.21052631578948,5.889576455069237,5.964082262232788,6.0655091892560975,6.483650026493925,7.1780044099563405
244,12461917,2022-10-04,IHS,6.09,667446.0,1.6196234501760294,0.06654991243432573,0.3799999999999999,0.0,28.634361233480192,5.9396823413019275,5.989265809786231,6.069277006293621,6.454490765272153,7.13533757035021
245,2425798,2022-10-05,IHS,5.78,245334.0,-0.6324286908603842,-0.05090311986863705,0.0,0.3099999999999996,29.27927927927928,5.899761755976446,5.947412647828985,6.024772851479218,6.4045284863631045,7.0821870773953
246,10934594,2022-10-06,IHS,5.79,267494.0,0.09032584150586548,0.0017301038062283367,0.009999999999999787,0.0,32.19512195121952,5.872321316982334,5.915930118263189,5.988653951251647,6.359007857743615,7.031513074360191
247,824487,2022-10-07,IHS,5.71,190615.0,-0.28740457729893004,-0.013816925734024191,0.0,0.08000000000000007,30.660377358490564,5.831740987736751,5.874744094610552,5.945784112597547,6.310933201614458,6.979689032228419
248,8011357,2022-10-10,IHS,5.47,184517.0,-0.031991186422894315,-0.042031523642732084,0.0,0.2400000000000002,27.77777777777777,5.741305740802563,5.793795275688442,5.872586556813309,6.24864185334672,6.920485540768481
249,11472470,2022-10-11,IHS,5.56,250029.0,0.35504587653170167,0.01645338208409504,0.08999999999999986,0.0,33.78995433789953,5.695979305601922,5.747036220550754,5.824496317303569,6.1976313456914065,6.867133166620698
250,3261231,2022-10-12,IHS,5.27,242657.0,-0.029484579788744504,-0.05215827338129497,0.0,0.29000000000000004,31.489361702127653,5.589484479201441,5.651628976440604,5.7391891915645585,6.128917912677228,6.804500493419886
251,2031786,2022-10-13,IHS,5.38,384864.0,0.5860412021907466,0.02087286527514238,0.11000000000000032,0.0,37.28070175438595,5.53711335940108,5.597303181152483,5.683929315939242,6.073442511738174,6.748637728972048
252,1949048,2022-10-14,IHS,5.27,146620.0,-0.6190342562567557,-0.020446096654275152,0.0,0.11000000000000032,34.18803418803418,5.47033501955081,5.531842544921987,5.62024788271782,6.01392825160942,6.690651935679027
253,10142113,2022-10-17,IHS,5.46,142349.0,-0.029129723093711635,0.03605313092979135,0.1900000000000004,0.0,37.65182186234817,5.467751264663108,5.517474035937589,5.5955943622996935,5.972896529267982,6.642391075456319
254,10923173,2022-10-18,IHS,5.42,259391.0,0.8222186316728604,-0.007326007326007333,0.0,0.040000000000000036,36.54618473895582,5.455813448497331,5.497979228750072,5.568579845022818,5.931941230803687,6.594454170536464
255,7840882,2022-10-19,IHS,5.18,217164.0,-0.16279284940495237,-0.04428044280442808,0.0,0.2400000000000002,37.916666666666664,5.386860086372998,5.434383383000059,5.5087983304039225,5.876241880373785,6.538985379535034
256,20658,2022-10-20,IHS,5.14,2228934.0,9.26382825882743,-0.007722007722007729,0.0,0.040000000000000036,40.26548672566371,5.325145064779749,5.3755067064000475,5.452060125726396,5.821705444790542,6.484123207788562
257,1994051,2022-10-21,IHS,5.19,268669.0,-0.8794630078773081,0.009727626459144108,0.05000000000000071,0.0,38.073394495412856,5.291358798584811,5.338405365120038,5.41174318330695,5.774912448880131,6.433373278071363
258,7210170,2022-10-24,IHS,5.09,185921.0,-0.30799236234921035,-0.01926782273603093,0.0,0.10000000000000053,23.68421052631581,5.241019098938608,5.28872429209603,5.362244232028957,5.724178193407528,6.380691973048957
259,8988484,2022-10-25,IHS,5.83,268131.0,0.4421770536948489,0.1453831041257368,0.7400000000000002,0.0,51.07296137339055,5.388264324203956,5.396979433676825,5.434206657870656,5.732016845747712,6.359096209399978
260,2267860,2022-10-26,IHS,5.75,257287.0,-0.04044291782747985,-0.013722126929674111,0.0,0.08000000000000007,49.166666666666664,5.478698243152967,5.46758354694146,5.482790248967479,5.733348931247881,6.335210083541156
261,2256020,2022-10-27,IHS,5.65,136802.0,-0.4682902750624789,-0.017391304347826025,0.0,0.09999999999999964,48.76033057851241,5.521523682364725,5.504066837553168,5.508514826049406,5.727174936340631,6.308339099872875
262,4696544,2022-10-28,IHS,5.94,165332.0,0.2085495826084414,0.05132743362831859,0.29000000000000004,0.0,59.51417004048583,5.626142761773544,5.591253470042535,5.574897160503343,5.742939755870955,6.293894429289626
263,8105844,2022-10-31,IHS,5.97,204981.0,0.23981443398737087,0.0050505050505049425,0.02999999999999936,0.0,58.50622406639004,5.712107071330158,5.667002776034028,5.635682212733598,5.759759033213847,6.281192686964543
264,1631755,2022-11-01,IHS,6.11,153871.0,-0.249340182748645,0.023450586264656712,0.14000000000000057,0.0,68.58407079646017,5.811580303497618,5.755602220827223,5.708654180005352,5.78570280853134,6.274479248260051
265,6295405,2022-11-02,IHS,6.04,207545.0,0.3488246648166321,-0.01145662847790512,0.0,0.07000000000000028,64.86486486486484,5.868685227623214,5.8124817766617785,5.759630460004528,5.804539637529019,6.265283983622402
266,9866346,2022-11-03,IHS,6.06,134120.0,-0.35377869859548533,0.0033112582781456247,0.019999999999999574,0.0,68.54460093896712,5.91651392071741,5.861985421329423,5.80584115846537,5.8234626273416845,6.257233631323484
267,1676937,2022-11-04,IHS,5.85,267318.0,0.9931255592007158,-0.03465346534653465,0.0,0.20999999999999996,59.069767441860456,5.899885440538057,5.859588337063538,5.812634826393775,5.825428358649708,6.241263684997073
268,8073353,2022-11-07,IHS,5.91,121534.0,-0.5453579631749452,0.010256410256410341,0.0600000000000005,0.0,61.29032258064516,5.902414080403543,5.869670669650831,5.827614083871655,5.8316929246756555,6.22827295225209
269,5779560,2022-11-08,IHS,5.81,159796.0,0.3148254809353761,-0.01692047377326574,0.0,0.10000000000000053,65.51724137931032,5.879310560302657,5.857736535720665,5.824904224814477,5.830086041366348,6.211870091379459
270,5433929,2022-11-09,IHS,5.95,152916.0,-0.04305489499111367,0.024096385542168773,0.14000000000000057,0.0,69.01408450704224,5.896982920226993,5.876189228576533,5.844149728689174,5.838968556820693,6.201600676031245
271,9906243,2022-11-10,IHS,6.34,170881.0,0.1174828010149363,0.0655462184873949,0.3899999999999997,0.0,73.27935222672062,6.0077371901702445,5.968951382861226,5.920434385813916,5.876081997056198,6.207028100500609
272,10720888,2022-11-11,IHS,6.66,251245.0,0.4702921916421369,0.050473186119873864,0.3200000000000003,0.0,79.18215613382898,6.170802892627683,6.107161106288981,6.034213711073313,5.934149997274257,6.224791704402546
273,4178391,2022-11-14,IHS,6.5,137559.0,-0.4524905968277976,-0.024024024024024045,0.0,0.16000000000000014,65.87677725118482,6.253102169470762,6.1857288850311845,6.105873140138957,5.9760648122909785,6.235584186582838
274,10363158,2022-11-15,IHS,6.99,580105.0,3.217135919859842,0.07538461538461541,0.4900000000000002,0.0,74.6031746031746,6.437326627103072,6.346583108024948,6.2418926570406565,6.051171122491647,6.265169120442335
275,7975726,2022-11-16,IHS,7.1,365589.0,-0.36978822799320815,0.0157367668097281,0.10999999999999943,0.0,78.65612648221341,6.602994970327304,6.497266486419958,6.373909171342094,6.128862150455229,6.297907586307342
276,4769420,2022-11-17,IHS,6.87,405614.0,0.10948086512449773,-0.032394366197183035,0.0,0.22999999999999954,68.82591093117408,6.669746227745478,6.571813189135968,6.450230837289464,6.183761250421508,6.32034258292274
277,3741405,2022-11-18,IHS,6.95,180255.0,-0.5555996587888978,0.011644832605531306,0.08000000000000007,0.0,69.44444444444444,6.739809670809109,6.647450551308776,6.527118400783392,6.240519676316212,6.34503503065126
278,12237671,2022-11-21,IHS,7.23,270313.0,0.4996144351058223,0.0402877697841727,0.28000000000000025,0.0,71.05263157894737,6.862357253106832,6.76396044104702,6.635254031432101,6.3138145151076035,6.379739539253172
279,6520959,2022-11-22,IHS,7.29,127780.0,-0.5272887356508936,0.008298755186721938,0.05999999999999961,0.0,73.58490566037736,6.969267939830123,6.869168352837617,6.735984180442547,6.386124551025559,6.4154360279099105
280,5986377,2022-11-23,IHS,7.14,144104.0,0.12775082172483956,-0.020576131687242847,0.0,0.15000000000000036,69.42446043165467,7.011950954872592,6.923334682270094,6.798140460374462,6.441967176875518,6.443850301325209
281,611047,2022-11-25,IHS,7.2,35109.0,-0.756363459723533,0.008403361344537886,0.0600000000000005,0.0,75.66539923954372,7.058963216154444,6.978667745816076,6.859965004932237,6.49811775636622,6.473503230685004
282,5494,2022-11-28,IHS,7.0,128777.0,2.6679199065766612,-0.0277777777777778,0.0,0.20000000000000018,69.67509025270756,7.0442224121158326,6.982934196652861,6.881508850327277,6.535294218857611,6.4941501628150045
283,5587808,2022-11-29,IHS,7.07,719873.0,4.590074314512685,0.01000000000000004,0.07000000000000028,0.0,72.99270072992701,7.0506668090868745,7.000347357322289,6.910507488738466,6.574902054497787,6.516732509371279
284,1289052,2022-11-30,IHS,7.22,202246.0,-0.7190532218877497,0.02121640735502114,0.14999999999999947,0.0,73.09090909090908,7.093000106815156,7.044277885857832,6.95812172124024,6.622687087497951,6.5443116266508365
285,4246665,2022-12-01,IHS,7.0,166304.0,-0.17771426876180493,-0.03047091412742379,0.0,0.21999999999999975,62.7906976744186,7.069750080111367,7.035422308686266,6.964564533357127,6.650636192127732,6.562181758939039
286,7151923,2022-12-02,IHS,7.16,105188.0,-0.3674956705791803,0.022857142857142878,0.16000000000000014,0.0,60.33057851239669,7.092312560083525,7.060337846949014,6.994631528225261,6.688366844562715,6.585625611529666
287,6657052,2022-12-05,IHS,7.2,92575.0,-0.11990911510818725,0.005586592178770954,0.040000000000000036,0.0,65.21739130434783,7.119234420062644,7.088270277559212,7.026226677729067,6.726265596817329,6.609718724803013
288,12223396,2022-12-06,IHS,7.12,129302.0,0.3967269781258439,-0.01111111111111112,0.0,0.08000000000000007,53.439153439153436,7.119425815046983,7.09461622204737,7.040653342693826,6.755431108164193,6.629729755202895
289,3608533,2022-12-07,IHS,7.11,178404.0,0.3797466396498121,-0.001404494382022442,0.0,0.009999999999999787,50.27932960893857,7.117069361285237,7.097692977637896,7.051322059202468,6.781695470522401,6.6485638824498405
290,7604233,2022-12-08,IHS,7.06,105396.0,-0.4092284926346943,-0.007032348804500803,0.0,0.05000000000000071,55.90062111801241,7.102802020963927,7.090154382110318,7.052657127017472,6.802310620854074,6.664698632157689
291,4667179,2022-12-09,IHS,7.05,80907.0,-0.232352271433451,-0.0014164305949008198,0.0,0.009999999999999787,53.24675324675324,7.089601515722945,7.082123505688255,7.052248338245553,6.820657982272291,6.679808489720133
292,8688395,2022-12-12,IHS,6.75,437360.0,4.40571273190206,-0.04255319148936168,0.0,0.2999999999999998,34.61538461538461,7.0047011367922085,7.015698804550604,7.005748593900083,6.815424057659529,6.682561097966403
293,4489902,2022-12-13,IHS,6.8,236245.0,-0.4598385769160417,0.007407407407407381,0.04999999999999982,0.0,34.19354838709677,6.953525852594157,6.9725590436404845,6.974094964069301,6.814281534869934,6.687166545104975
294,6920418,2022-12-14,IHS,6.42,292593.0,0.2385151008486952,-0.05588235294117646,0.0,0.3799999999999999,29.775280898876417,6.820144389445618,6.862047234912388,6.888849584981717,6.785075495249939,6.676689425689094
295,2347341,2022-12-15,IHS,6.1,271854.0,-0.07088002788856876,-0.04984423676012466,0.0,0.3200000000000003,23.03921568627449,6.640108292084214,6.7096377879299105,6.767488110369145,6.734329162268462,6.654074154093443
296,5308794,2022-12-16,IHS,6.07,888902.0,2.26977715979901,-0.004918032786885141,0.0,0.02999999999999936,25.133689839572185,6.497581219063161,6.581710230343929,6.660182247235431,6.68511959469302,6.631169285305465
297,3432593,2022-12-19,IHS,6.11,79565.0,-0.9104906952622449,0.006589785831960467,0.040000000000000036,0.0,23.91304347826086,6.40068591429737,6.487368184275144,6.575538824583827,6.642518143234279,6.610731274117016
298,6920451,2022-12-20,IHS,6.05,94390.0,0.1863256456984855,-0.009819967266775859,0.0,0.0600000000000005,16.571428571428584,6.313014435723028,6.399894547420115,6.494686697724776,6.59862791040211,6.588741812386937
299,3093403,2022-12-21,IHS,6.11,60017.0,-0.36415933891302044,0.009917355371900909,0.0600000000000005,0.0,22.01257861635223,6.2622608267922715,6.341915637936093,6.435504128844042,6.562433250372324,6.569967623665881
300,5177650,2022-12-22,IHS,6.04,151615.0,1.5262009097422398,-0.01145662847790512,0.0,0.07000000000000028,12.6666666666667,6.206695620094203,6.281532510348875,6.374657339791113,6.523734491085485,6.549184579600553
301,7680069,2022-12-23,IHS,5.97,134569.0,-0.11242950895359957,-0.01158940397350998,0.0,0.07000000000000028,9.803921568627473,6.147521715070653,6.2192260082791,6.312402364438634,6.482717121375449,6.526471458831904
302,9314344,2022-12-27,IHS,6.05,243160.0,0.8069540533109408,0.013400335008375222,0.08000000000000007,0.0,15.03267973856211,6.12314128630299,6.1853808066232805,6.272032769909613,6.450664001273564,6.507786303583594
303,4552326,2022-12-28,IHS,6.01,144462.0,-0.40589735153808193,-0.00661157024793389,0.0,0.040000000000000036,14.743589743589752,6.094855964727243,6.1503046452986245,6.231720036077364,6.418022223401448,6.488265272070512
304,4650523,2022-12-29,IHS,6.08,79836.0,-0.4473563982223699,0.011647254575707202,0.07000000000000028,0.0,18.98734177215192,6.091141973545431,6.1362437162389005,6.208378492065462,6.392983540186526,6.4722548692442174
305,702539,2022-12-30,IHS,6.15,90337.0,0.1315321408888221,0.011513157894736888,0.07000000000000028,0.0,22.56097560975614,6.105856480159073,6.138994972991121,6.1993971855938526,6.374984759431968,6.459617423391503
306,11029248,2023-01-03,IHS,6.26,184115.0,1.03809070480534,0.017886178861788525,0.10999999999999943,0.0,33.103448275862064,6.144392360119305,6.1631959783928965,6.208720695502491,6.366467369844416,6.451789289140856
307,7502498,2023-01-04,IHS,6.5,301707.0,0.6386877766613258,0.03833865814696489,0.2400000000000002,0.0,40.85365853658538,6.233294270089479,6.230556782714317,6.253532896194415,6.376358675781867,6.453679905252979
308,11256964,2023-01-05,IHS,6.48,150907.0,-0.4998226756422622,-0.0030769230769230114,0.0,0.019999999999999574,52.343750000000014,6.294970702567109,6.280445426171455,6.288373989087582,6.384035810909136,6.454712065831294
309,3332740,2023-01-06,IHS,6.48,156028.0,0.03393480753046579,0.0,0.0,-0.0,69.79166666666669,6.341228026925331,6.320356340937164,6.3178549138433375,6.391144269360311,6.455703749524185
310,5578811,2023-01-09,IHS,6.54,196534.0,0.25960724998077267,0.009259259259259198,0.05999999999999961,0.0,73.7373737373737,6.390921020193998,6.364285072749731,6.3520310809443625,6.402170619778066,6.459009484836963
311,125417,2023-01-10,IHS,6.85,223732.0,0.13838826869651052,0.04740061162079505,0.3099999999999996,0.0,79.36507936507932,6.5056907651454985,6.461428058199785,6.428641683875999,6.435343166461172,6.474342446215905
312,4570856,2023-01-11,IHS,6.81,117232.0,-0.47601594765165467,-0.005839416058394166,0.0,0.040000000000000036,80.64516129032256,6.5817680738591235,6.531142446559828,6.487312194048922,6.463095524501085,6.487505487540772
313,8732722,2023-01-12,IHS,7.07,268702.0,1.2920533642691416,0.038179148311307004,0.2600000000000007,0.0,83.33333333333333,6.703826055394343,6.638913957247864,6.5769564718875495,6.508051411575079,6.510348409597997
314,7681984,2023-01-13,IHS,7.62,392371.0,0.4602459229927578,0.07779349363507776,0.5499999999999998,0.0,91.14583333333334,6.932869541545757,6.835131165798291,6.737424706981773,6.590417973680629,6.553864158241213
315,7774517,2023-01-17,IHS,7.47,167747.0,-0.5724785980615285,-0.019685039370078785,0.0,0.15000000000000036,87.5,7.067152156159318,6.962104932638633,6.850128598215346,6.655572197852434,6.58979105399646
316,9801320,2023-01-18,IHS,7.42,99188.0,-0.4087047756442738,-0.006693440428380164,0.0,0.04999999999999982,84.77157360406092,7.155364117119488,7.053683946110906,6.937801121566832,6.712196479492995,6.6223482675652265
317,11419471,2023-01-19,IHS,7.45,88723.0,-0.10550671452191797,0.004043126684636152,0.03000000000000025,0.0,86.73469387755102,7.229023087839615,7.132947156888726,7.0166009490180885,6.766848592123143,6.654805198248943
318,10839097,2023-01-20,IHS,7.72,155073.0,0.7478331436042515,0.03624161073825498,0.2699999999999996,0.0,87.96296296296296,7.351767315879711,7.25035772551098,7.124816187630691,6.837452400114021,6.696577543415652
319,4659386,2023-01-23,IHS,7.8,182992.0,0.18003778865437567,0.010362694300518144,0.08000000000000007,0.0,88.0184331797235,7.4638254869097835,7.360286180408785,7.228690620302892,6.908752222327797,6.739849012301312
320,8429242,2023-01-24,IHS,7.76,100090.0,-0.45303619830375097,-0.0051282051282051325,0.0,0.040000000000000036,85.71428571428572,7.537869115182337,7.440228944327028,7.310430524871677,6.971807613266479,6.7798549333875355
321,5822157,2023-01-25,IHS,7.75,56617.0,-0.4343390948146668,-0.0012886597938144056,0.0,0.009999999999999787,83.42245989304814,7.590901836386752,7.502183155461623,7.378056597968342,7.029451493765258,6.8178998379605735
322,5728788,2023-01-26,IHS,7.85,117199.0,1.070031969196531,0.012903225806451568,0.09999999999999964,0.0,85.12820512820512,7.655676377290064,7.571746524369299,7.450663275203982,7.0902328645974615,6.8583743541189826
323,8806447,2023-01-27,IHS,7.99,185833.0,0.5856193312229626,0.01783439490445867,0.14000000000000057,0.0,86.1244019138756,7.739257282967548,7.655397219495439,7.533638155941831,7.156882282034687,6.902751830428042
324,3542398,2023-01-30,IHS,7.55,222019.0,0.19472321923447397,-0.05506883604505637,0.0,0.4400000000000004,70.44534412955464,7.691942962225661,7.634317775596352,7.536155362720011,7.18600211299508,6.928134111587727
325,5793152,2023-01-31,IHS,7.68,126222.0,-0.4314810894563078,0.0172185430463576,0.1299999999999999,0.0,68.12227074235807,7.688957221669246,7.643454220477082,7.5582853069169325,7.222594549069519,6.957619048388207
326,10888461,2023-02-01,IHS,7.88,186162.0,0.474877596615487,0.026041666666666692,0.20000000000000018,0.0,71.83673469387755,7.736717916251934,7.690763376381666,7.607779875083558,7.271291249138443,6.993790850412199
327,1912994,2023-02-02,IHS,8.36,689473.0,2.7036183539068124,0.060913705583756285,0.47999999999999954,0.0,74.15730337078651,7.892538437188951,7.824610701105333,7.723506048147626,7.351936341794854,7.0473676798078
328,1912106,2023-02-03,IHS,8.02,167763.0,-0.7566793768573968,-0.04066985645933013,0.0,0.33999999999999986,58.130081300812996,7.924403827891713,7.863688560884267,7.76912050227876,7.401422538698939,7.085510123736905
329,1443286,2023-02-06,IHS,7.56,263152.0,0.5685937900490573,-0.057356608478802994,0.0,0.45999999999999996,51.62454873646209,7.833302870918785,7.802950848707415,7.736948117312798,7.413169017313832,7.10411756986487
330,10307474,2023-02-07,IHS,7.66,194097.0,-0.2624148780932693,0.013227513227513298,0.10000000000000053,0.0,54.255319148936174,7.7899771531890885,7.774360678965932,7.72510994541852,7.431452793809104,7.125916880850562
331,4089005,2023-02-08,IHS,7.68,104915.0,-0.459471295280195,0.0026109660574411974,0.019999999999999574,0.0,54.092526690391445,7.762482864891816,7.755488543172746,7.7181699538156705,7.449863697971392,7.1476456306211285
332,1588258,2023-02-09,IHS,7.53,104434.0,-0.004584663775437259,-0.01953124999999993,0.0,0.14999999999999947,46.46840148698885,7.704362148668863,7.710390834538197,7.689220730151721,7.455799720343882,7.162639919616378
333,3262957,2023-02-10,IHS,7.44,185891.0,0.7799854453530459,-0.011952191235059742,0.0,0.08999999999999986,43.33333333333334,7.638271611501647,7.656312667630559,7.650879079359148,7.45462937068878,7.173516785513775
334,12268963,2023-02-13,IHS,7.34,95894.0,-0.4841385543140873,-0.013440860215053835,0.0,0.10000000000000053,42.391304347826086,7.563703708626235,7.593050134104447,7.6030515286885105,7.446138306193315,7.180045539023039
335,12440093,2023-02-14,IHS,7.46,73698.0,-0.23146390806515527,0.01634877384196187,0.1200000000000001,0.0,44.947735191637626,7.537777781469677,7.566440107283558,7.581043601197971,7.447165098327143,7.191024145335862
336,7588962,2023-02-15,IHS,7.55,131288.0,0.7814323319493066,0.012064343163538854,0.08999999999999986,0.0,44.75524475524476,7.540833336102257,7.563152085826847,7.576267662552129,7.454782498451058,7.205101629832495
337,11683068,2023-02-16,IHS,7.55,115998.0,-0.11646151971238804,0.0,0.0,-0.0,41.91176470588235,7.543125002076693,7.560521668661478,7.572226483697956,7.461835646713943,7.218627056113573
338,8984272,2023-02-17,IHS,7.51,167254.0,0.4418696874084036,-0.005298013245033118,0.0,0.040000000000000036,49.13793103448276,7.534843751557521,7.5504173349291825,7.562653178513655,7.465403376586984,7.230053446069904
339,9054398,2023-02-21,IHS,7.26,199190.0,0.1909431164576034,-0.033288948069241014,0.0,0.25,41.393442622950815,7.466132813668141,7.492333867943346,7.5160911510500155,7.450188311654615,7.23122782073383
340,12664898,2023-02-22,IHS,7.37,173567.0,-0.12863597570159144,0.015151515151515195,0.11000000000000032,0.0,39.148936170212764,7.442099610251106,7.467867094354677,7.4936155893500125,7.444248436717236,7.236669866979562
341,9259892,2023-02-23,IHS,7.41,194290.0,0.11939481583480731,0.005427408412483044,0.040000000000000036,0.0,25.130890052356037,7.43407470768833,7.456293675483742,7.4807516525269335,7.4417115154789215,7.243467127098011
342,160373,2023-02-24,IHS,7.41,84361.0,-0.5657985485614287,0.0,0.0,-0.0,30.573248407643334,7.428056030766247,7.447034940386994,7.469866782907406,7.439362514332334,7.249997827996129
343,9552290,2023-02-27,IHS,7.46,65351.0,-0.22534109363331398,0.006747638326585671,0.04999999999999982,0.0,45.68965517241381,7.436042023074686,7.449627952309596,7.468348816306266,7.440891216974383,7.258233207290399
344,10020027,2023-02-28,IHS,7.7,137356.0,1.1018194059769553,0.032171581769437026,0.2400000000000002,0.0,51.53846153846153,7.502031517306015,7.499702361847677,7.503987459951456,7.4600844601614655,7.275557395239795
345,10830860,2023-03-01,IHS,7.7,102064.0,-0.2569381752526282,0.0,0.0,-0.0,50.78125000000002,7.5515236379795105,7.539761889478142,7.53414323534354,7.477855981630987,7.292202203269607
346,7695127,2023-03-02,IHS,7.61,62854.0,-0.3841707164132309,-0.01168831168831167,0.0,0.08999999999999986,53.278688524590166,7.566142728484633,7.553809511582514,7.545813506829148,7.487644427436099,7.304664861964917
347,856700,2023-03-03,IHS,7.92,93772.0,0.49190186782066375,0.04073587385019706,0.3099999999999996,0.0,66.66666666666666,7.654607046363475,7.627047609266011,7.603380659624664,7.519670766144537,7.328795651691784
348,8334917,2023-03-06,IHS,7.94,84843.0,-0.09522032163119054,0.0025252525252525836,0.020000000000000462,0.0,72.05882352941178,7.725955284772607,7.689638087412809,7.655168250451639,7.550806264948645,7.352764449664655
349,277561,2023-03-07,IHS,7.55,115469.0,0.3609726200157939,-0.049118387909319966,0.0,0.39000000000000057,52.76073619631901,7.681966463579456,7.661710469930247,7.6389885196129255,7.550746541619116,7.360499177128786
350,11583379,2023-03-08,IHS,7.63,43706.0,-0.6214914825624194,0.010596026490066236,0.08000000000000007,0.0,52.46913580246914,7.668974847684591,7.655368375944198,7.637605670441706,7.556617168165848,7.3710678368492255
351,4641025,2023-03-09,IHS,7.44,73165.0,0.6740264494577404,-0.024901703800786306,0.0,0.1899999999999995,46.96132596685085,7.611731135763444,7.612294700755359,7.60720479806606,7.547978859412822,7.37377105893357
352,4047806,2023-03-10,IHS,7.21,305378.0,3.1738262830588395,-0.03091397849462371,0.0,0.23000000000000043,42.50000000000001,7.5112983518225835,7.531835760604288,7.546096367594358,7.522943388345206,7.367348664465586
353,8340742,2023-03-13,IHS,7.25,119037.0,-0.6101978531524864,0.005547850208044388,0.040000000000000036,0.0,49.72067039106146,7.445973763866938,7.475468608483431,7.500543080272148,7.502725359578895,7.362746756055171
354,5211223,2023-03-14,IHS,7.23,108551.0,-0.08809025765098247,-0.0027586206896551137,0.0,0.019999999999999574,45.88235294117648,7.391980322900204,7.4263748867867445,7.458921067922587,7.48252348109157,7.357541000915752
355,4508981,2023-03-15,IHS,7.18,98624.0,-0.0914501017954694,-0.006915629322268424,0.0,0.05000000000000071,43.274853801169584,7.338985242175153,7.377099909429396,7.416010134396035,7.460114334344046,7.350578608722977
356,9651695,2023-03-16,IHS,7.14,94593.0,-0.04087240428293316,-0.005571030640668529,0.0,0.040000000000000036,42.28571428571428,7.289238931631365,7.329679927543517,7.373547036796644,7.4364021614296725,7.342320624067175
357,8212695,2023-03-17,IHS,7.05,124096.0,0.3118941147865064,-0.012605042016806704,0.0,0.08999999999999986,38.54748603351956,7.2294291987235235,7.273743942034814,7.32377056959716,7.407779779101548,7.330857070182188
358,7386492,2023-03-20,IHS,7.06,92847.0,-0.25181311242908716,0.0014184397163120265,0.009999999999999787,0.0,29.487179487179475,7.1870718990426425,7.230995153627852,7.283190481966828,7.382018313982915,7.320235224292691
359,11700009,2023-03-21,IHS,7.25,99503.0,0.07168783051687184,0.026912181303116203,0.1900000000000004,0.0,37.14285714285714,7.202803924281982,7.234796122902282,7.278084253971931,7.3722391796138105,7.317480901771409
360,9253799,2023-03-22,IHS,6.94,132789.0,0.33452257720872736,-0.04275862068965512,0.0,0.3099999999999996,32.99492385786803,7.137102943211487,7.175836898321826,7.226071291822404,7.34022146260538,7.302677729152923
361,2188457,2023-03-23,IHS,7.12,134205.0,0.010663533877053068,0.025936599423631083,0.17999999999999972,0.0,28.260869565217405,7.132827207408615,7.164669518657462,7.209752631542034,7.323908761671649,7.2955138966371225
362,4429044,2023-03-24,IHS,7.12,82437.0,-0.38573823628031745,0.0,0.0,-0.0,27.47252747252746,7.129620405556461,7.1557356149259705,7.195944534381721,7.308804408955231,7.288630998729785
363,9006887,2023-03-27,IHS,7.1,78768.0,-0.04450671421813021,-0.002808988764045009,0.0,0.020000000000000462,34.48275862068965,7.122215304167346,7.144588491940777,7.181183836784534,7.2933374156992885,7.28123370466195
364,1285699,2023-03-28,IHS,8.54,873190.0,10.085593134267723,0.20281690140845066,1.4399999999999995,0.0,66.19217081850533,7.476661478125509,7.423670793552622,7.390232477279222,7.385682792314156,7.330597088792855
365,5231823,2023-03-29,IHS,8.85,407828.0,-0.5329447199349512,0.03629976580796259,0.3100000000000005,0.0,74.06143344709895,7.8199961085941325,7.7089366348420985,7.614812096159341,7.494150733624219,7.390181516683331
366,12026521,2023-03-30,IHS,8.6,886836.0,1.1745343625253784,-0.02824858757062147,0.0,0.25,73.5593220338983,8.0149970814456,7.8871493078736785,7.766379465980981,7.576065494096499,7.437625378774181
367,1731103,2023-03-31,IHS,8.76,395295.0,-0.5542636970082405,0.018604651162790715,0.16000000000000014,0.0,74.59283387622149,8.2012478110842,8.061719446298943,7.919244163522368,7.663764346385647,7.489483207057546
368,12032358,2023-04-03,IHS,8.67,149344.0,-0.6221960814075563,-0.01027397260273971,0.0,0.08999999999999986,72.92993630573247,8.31843585831315,8.183375557039154,8.034745061442003,7.7383003207274506,7.535777983251368
369,4083000,2023-04-04,IHS,8.4,143678.0,-0.03793925433897579,-0.031141868512110676,0.0,0.2699999999999996,68.15476190476191,8.338826893734861,8.226700445631323,8.090938128912464,7.787315111784677,7.569669042731706
370,7426962,2023-04-05,IHS,8.61,200598.0,0.39616364370328094,0.02499999999999989,0.20999999999999908,0.0,70.8215297450425,8.406620170301146,8.303360356505058,8.17079380138747,7.8482547331339605,7.610466335173601
371,2809160,2023-04-06,IHS,8.82,173792.0,-0.13363044496954107,0.024390243902439126,0.21000000000000085,0.0,74.24657534246576,8.50996512772586,8.406688285204048,8.27067167809709,7.920235864012926,7.657899027911891
372,9151012,2023-04-10,IHS,9.02,214826.0,0.2361098324433806,0.022675736961451167,0.1999999999999993,0.0,75.52083333333334,8.637473845794394,8.529350628163238,8.385952958389845,8.001699874086043,7.711314752307503
373,9797945,2023-04-11,IHS,8.78,148936.0,-0.3067133400984983,-0.026607538802660778,0.0,0.2400000000000002,69.66580976863753,8.673105384345796,8.57948050253059,8.446575580176022,8.059351735264855,7.75322397770721
374,612556,2023-04-12,IHS,8.86,244043.0,0.6385763012300586,0.009111617312072901,0.08000000000000007,0.0,76.2295081967213,8.719829038259347,8.635584402024472,8.51017933707202,8.118659014134126,7.796626958973594
375,5833258,2023-04-13,IHS,8.92,117797.0,-0.5173104739738489,0.006772009029345429,0.0600000000000005,0.0,75.42372881355932,8.76987177869451,8.692467521619578,8.57322866983017,8.178017605679747,7.840680803719727
